{
  "eps": 0.2,
  "lpsp": 0.7123448780276632,
  "deg": 1.7166541653269998,
  "eens_kwh": 149.2071012113979,
  "demand_kwh": 20945.907777777775,
  "unif3": 2.1642754689611934,
  "soh_bat": 0.9541608396992454,
  "soh_fc": 0.981043857863707,
  "soh_ely": 0.9954703417619571,
  "repl_bat": 0,
  "repl_fc": 0,
  "repl_ely": 0,
  "n_rebuild": 1,
  "sec": 603.0281958580017
}
