{
  "eps": 0.5,
  "lpsp": 0.3147859870462487,
  "deg": 1.7380268774789915,
  "eens_kwh": 65.93478254407475,
  "demand_kwh": 20945.907777777775,
  "unif3": 1.9358312251112157,
  "soh_bat": 0.9535437408586542,
  "soh_fc": 0.9807298677769787,
  "soh_ely": 0.9954354165150746,
  "repl_bat": 0,
  "repl_fc": 0,
  "repl_ely": 0,
  "n_rebuild": 1,
  "sec": 644.8266904354095
}
