{
  "eps": 0.35,
  "lpsp": 0.379175687214245,
  "deg": 1.7325943615635842,
  "eens_kwh": 79.42178975965086,
  "demand_kwh": 20945.907777777775,
  "unif3": 1.9708597308425366,
  "soh_bat": 0.9536551973330575,
  "soh_fc": 0.9808234160865408,
  "soh_ely": 0.9954538934266218,
  "repl_bat": 0,
  "repl_fc": 0,
  "repl_ely": 0,
  "n_rebuild": 1,
  "sec": 613.2369825839996
}
