{
  "eps": 10.0,
  "lpsp": 0.12168237166278649,
  "deg": 1.7710686054926645,
  "eens_kwh": 25.487477350300054,
  "demand_kwh": 20945.907777777775,
  "unif3": 1.8475310375435647,
  "soh_bat": 0.9528502651634216,
  "soh_fc": 0.9806189836299403,
  "soh_ely": 0.9952688796993618,
  "repl_bat": 0,
  "repl_fc": 0,
  "repl_ely": 0,
  "n_rebuild": 1,
  "sec": 443.89777660369873
}
