{
  "eps": 20.0,
  "lpsp": 0.12016588991887016,
  "deg": 1.7754869359353302,
  "eens_kwh": 25.1698364827525,
  "demand_kwh": 20945.907777777775,
  "unif3": 1.8509964453835877,
  "soh_bat": 0.9530743510382387,
  "soh_fc": 0.9804750512591627,
  "soh_ely": 0.9951838281440982,
  "repl_bat": 0,
  "repl_fc": 0,
  "repl_ely": 0,
  "n_rebuild": 1,
  "sec": 648.5788645744324
}
