{
  "eps": 3.0,
  "lpsp": 0.12619158612460352,
  "deg": 1.7659357326414207,
  "eens_kwh": 26.431973252974466,
  "demand_kwh": 20945.907777777775,
  "unif3": 1.845231652400344,
  "soh_bat": 0.9530472885502377,
  "soh_fc": 0.9806157447660373,
  "soh_ely": 0.995275037335552,
  "repl_bat": 0,
  "repl_fc": 0,
  "repl_ely": 0,
  "n_rebuild": 1,
  "sec": 304.9021747112274
}
