{
  "eps": 0.1,
  "lpsp": 3.700016681624467,
  "deg": 1.632008543782883,
  "eens_kwh": 775.0020818954544,
  "demand_kwh": 20945.907777777775,
  "unif3": 3.957014789469246,
  "soh_bat": 0.9547780569742946,
  "soh_fc": 0.9826407510619303,
  "soh_ely": 0.996020218970611,
  "repl_bat": 0,
  "repl_fc": 0,
  "repl_ely": 0,
  "n_rebuild": 1,
  "sec": 649.5470795631409
}
