{
  "eps": 0.25,
  "lpsp": 0.5425651052862087,
  "deg": 1.7229019366726206,
  "eens_kwh": 113.64518658765216,
  "demand_kwh": 20945.907777777775,
  "unif3": 2.063837496435577,
  "soh_bat": 0.9538479364027943,
  "soh_fc": 0.9809353232984784,
  "soh_ely": 0.9954953556178463,
  "repl_bat": 0,
  "repl_fc": 0,
  "repl_ely": 0,
  "n_rebuild": 1,
  "sec": 583.3117215633392
}
