{
  "eps": 0.12,
  "lpsp": 2.2749373492856297,
  "deg": 1.6731677545400456,
  "eens_kwh": 476.5062791835903,
  "demand_kwh": 20945.907777777775,
  "unif3": 3.1026865920908167,
  "soh_bat": 0.9548544010114695,
  "soh_fc": 0.9816493738100645,
  "soh_ely": 0.9956860253294181,
  "repl_bat": 0,
  "repl_fc": 0,
  "repl_ely": 0,
  "n_rebuild": 1,
  "sec": 503.5223662853241
}
