{
  "eps": 6.0,
  "lpsp": 0.11908241479672055,
  "deg": 1.7706630212342227,
  "eens_kwh": 24.942892782871883,
  "demand_kwh": 20945.907777777775,
  "unif3": 1.8454916995828383,
  "soh_bat": 0.9531237469425321,
  "soh_fc": 0.9805130119558206,
  "soh_ely": 0.9952183344913359,
  "repl_bat": 0,
  "repl_fc": 0,
  "repl_ely": 0,
  "n_rebuild": 1,
  "sec": 637.9480903148651
}
