{
  "eps": 2.0,
  "lpsp": 0.1342535337146486,
  "deg": 1.7619635952444346,
  "eens_kwh": 28.120621360278086,
  "demand_kwh": 20945.907777777775,
  "unif3": 1.846325459325269,
  "soh_bat": 0.9531093723316815,
  "soh_fc": 0.9806734328775989,
  "soh_ely": 0.9952947534862191,
  "repl_bat": 0,
  "repl_fc": 0,
  "repl_ely": 0,
  "n_rebuild": 1,
  "sec": 647.9158599376678
}
