{
  "eps": 0.05,
  "lpsp": 10.4399265639849,
  "deg": 1.49652396900036,
  "eens_kwh": 2186.7373901600013,
  "demand_kwh": 20945.907777777775,
  "unif3": 8.056736139480364,
  "soh_bat": 0.9542802729579211,
  "soh_fc": 0.9863426040172052,
  "soh_ely": 0.9971262964533609,
  "repl_bat": 0,
  "repl_fc": 0,
  "repl_ely": 0,
  "n_rebuild": 1,
  "sec": 353.32172775268555
}
