{
  "eps": 1.5,
  "lpsp": 0.14648648745292608,
  "deg": 1.7606233350755767,
  "eens_kwh": 30.682924568795908,
  "demand_kwh": 20945.907777777775,
  "unif3": 1.8526721087819644,
  "soh_bat": 0.9531062150385555,
  "soh_fc": 0.9807298842797358,
  "soh_ely": 0.9953027409125925,
  "repl_bat": 0,
  "repl_fc": 0,
  "repl_ely": 0,
  "n_rebuild": 1,
  "sec": 645.2578740119934
}
