{
  "eps": 4.0,
  "lpsp": 0.1227058773901553,
  "deg": 1.769752187313668,
  "eens_kwh": 25.701859916055,
  "demand_kwh": 20945.907777777775,
  "unif3": 1.846857767061833,
  "soh_bat": 0.9529943425850251,
  "soh_fc": 0.9805526806632275,
  "soh_ely": 0.9952553868348484,
  "repl_bat": 0,
  "repl_fc": 0,
  "repl_ely": 0,
  "n_rebuild": 1,
  "sec": 638.0291531085968
}
