{
  "eps": 50.0,
  "lpsp": 0.11827951453848294,
  "deg": 1.7764274619971887,
  "eens_kwh": 24.77471803523389,
  "demand_kwh": 20945.907777777775,
  "unif3": 1.8507516161028903,
  "soh_bat": 0.9527820605830004,
  "soh_fc": 0.9805150963645526,
  "soh_ely": 0.9952416972253034,
  "repl_bat": 0,
  "repl_fc": 0,
  "repl_ely": 0,
  "n_rebuild": 1,
  "sec": 295.44050192832947
}
