{
  "eps": 1.0,
  "lpsp": 0.1625995000161779,
  "deg": 1.7553652572658043,
  "eens_kwh": 34.057941320516385,
  "demand_kwh": 20945.907777777775,
  "unif3": 1.8575390812273533,
  "soh_bat": 0.9533944910044728,
  "soh_fc": 0.980723734757951,
  "soh_ely": 0.9952878130347449,
  "repl_bat": 0,
  "repl_fc": 0,
  "repl_ely": 0,
  "n_rebuild": 1,
  "sec": 649.268060207367
}
