{
  "eps": 0.75,
  "lpsp": 0.20726782183968456,
  "deg": 1.7499391825484767,
  "eens_kwh": 43.414126815549075,
  "demand_kwh": 20945.907777777775,
  "unif3": 1.880181562995124,
  "soh_bat": 0.9532033454044259,
  "soh_fc": 0.9808318044155342,
  "soh_ely": 0.9953799714682487,
  "repl_bat": 0,
  "repl_fc": 0,
  "repl_ely": 0,
  "n_rebuild": 1,
  "sec": 522.9900228977203
}
