{
  "eps": 0.3,
  "lpsp": 0.4400372320576943,
  "deg": 1.7281884934197511,
  "eens_kwh": 92.16979281469062,
  "demand_kwh": 20945.907777777775,
  "unif3": 2.004697871863823,
  "soh_bat": 0.9537617631430116,
  "soh_fc": 0.9809301505266865,
  "soh_ely": 0.9954609275998968,
  "repl_bat": 0,
  "repl_fc": 0,
  "repl_ely": 0,
  "n_rebuild": 1,
  "sec": 648.3724892139435
}
