{
  "eps": 0.15,
  "lpsp": 1.247965406953026,
  "deg": 1.701505529028912,
  "eens_kwh": 261.3976832389499,
  "demand_kwh": 20945.907777777775,
  "unif3": 2.4856985787457617,
  "soh_bat": 0.9545073066512,
  "soh_fc": 0.9810701729925783,
  "soh_ely": 0.9955426744462781,
  "repl_bat": 0,
  "repl_fc": 0,
  "repl_ely": 0,
  "n_rebuild": 1,
  "sec": 645.8632037639618
}
