forecast_mode	sigma_scale	n_pairs	delta_lpsp_pp_mean	delta_degradation_keur_mean	delta_j3_keur_mean	delta_j3_pct_mean	delta_j3_pct_std	soh_j3_wins
noisy	0.5	5	-0.0054313132960919445	-0.0013244587662719631	-0.004737372388636718	-0.17766275703658518	0.16407588270939216	4
noisy	1.0	5	-0.006003082620476196	-0.0069137834720420345	-0.010685983920568187	-0.3813202443111807	0.25763702561871626	4
noisy	1.5	5	-0.0005878675270074684	-0.0116865038527731	-0.012055906422960571	-0.41641645014582895	0.12090629107819842	5
perfect	0.0	1	-0.005487958502189749	-0.005210470364479747	-0.008658978544733742	-0.34022852741305565	0.0	1
persistence	0.0	1	-0.023379590582012888	0.0008207482369613217	-0.013870454209430338	-0.36314850575700497	0.0	1
